{"properties": [
  {
    "name": "application.jwt.secret-key",
    "type": "java.lang.String",
    "description": "A description for 'application.jwt.secret-key'"
  },
  {
    "name": "application.jwt.secret-key",
    "type": "java.lang.String",
    "description": "A description for 'application.jwt.secret-key'"
  },
  {
    "name": "application.jwt.expiration",
    "type": "java.lang.String",
    "description": "A description for 'application.jwt.expiration'"
  },
  {
    "name": "application.jwt.refresh-token.expiration",
    "type": "java.lang.String",
    "description": "A description for 'application.jwt.refresh-token.expiration'"
  }
]}